{
  "difficultquestion": [
    {
      "question": "Which Indian classical dance form originated in Kerala and is known for facial expressions?",
      "ans1": "A)Kathak",
      "ans2": "B)Bharatanatyam",
      "ans3": "C)Kathakali",
      "ans4": "D)Odissi",
      "correct": "C)Kathakali"
    },
    {
      "question": "Which Indian ruler is known for building the Iron Pillar in Mehrauli, Delhi?",
      "ans1": "A)Ashoka",
      "ans2": "B)Chandragupta Maurya",
      "ans3": "C)Raja Raja Chola",
      "ans4": "D)Chandragupta II",
      "correct": "D)Chandragupta II"
    },
    {
      "question": "Which Indian city is known as the 'City of Gates'?",
      "ans1": "A)Aurangabad",
      "ans2": "B)Jaipur",
      "ans3": "C)Lucknow",
      "ans4": "D)Hyderabad",
      "correct": "A)Aurangabad"
    },
    {
      "question": "What is the name of India’s first satellite launched in 1975?",
      "ans1": "A)Aryabhata",
      "ans2": "B)INSAT-1A",
      "ans3": "C)Bhaskara I",
      "ans4": "D)Rohini",
      "correct": "A)Aryabhata"
    },
    {
      "question": "Which Indian state has the longest coastline?",
      "ans1": "A)Gujarat",
      "ans2": "B)Tamil Nadu",
      "ans3": "C)Andhra Pradesh",
      "ans4": "D)Maharashtra",
      "correct": "A)Gujarat"
    },
    {
      "question": "Which Indian philosopher authored the work *Nyaya Sutras*?",
      "ans1": "A)Patanjali",
      "ans2": "B)Gautama",
      "ans3": "C)Kapila",
      "ans4": "D)Panini",
      "correct": "B)Gautama"
    },
    {
      "question": "Which Indian freedom fighter was called the 'Father of Indian Unrest'?",
      "ans1": "A)Mahatma Gandhi",
      "ans2": "B)Lala Lajpat Rai",
      "ans3": "C)Bal Gangadhar Tilak",
      "ans4": "D)Bhagat Singh",
      "correct": "C)Bal Gangadhar Tilak"
    },
    {
      "question": "Which is the oldest mountain range in India?",
      "ans1": "A)Himalayas",
      "ans2": "B)Aravalli Range",
      "ans3": "C)Western Ghats",
      "ans4": "D)Vindhya Range",
      "correct": "B)Aravalli Range"
    },
    {
      "question": "Who was the first Indian woman to become President of the Indian National Congress?",
      "ans1": "A)Sarojini Naidu",
      "ans2": "B)Annie Besant",
      "ans3": "C)Indira Gandhi",
      "ans4": "D)Aruna Asaf Ali",
      "correct": "B)Annie Besant"
    },
    {
      "question": "Which Indian Nobel laureate wrote *Gitanjali*?",
      "ans1": "A)Rabindranath Tagore",
      "ans2": "B)Amartya Sen",
      "ans3": "C)C.V. Raman",
      "ans4": "D)Venkatraman Ramakrishnan",
      "correct": "A)Rabindranath Tagore"
    }
  ]
}
