{
  "easyquestion": [
    {
      "question": "Who is known as the 'Master Blaster' of Indian cricket?",
      "ans1": "A)Sachin Tendulkar",
      "ans2": "B)Virat Kohli",
      "ans3": "C)MS Dhoni",
      "ans4": "D)Kapil Dev",
      "correct": "A)Sachin Tendulkar"
    },
    {
      "question": "Which Indian captain led India to win the 2011 ICC World Cup?",
      "ans1": "A)Sourav Ganguly",
      "ans2": "B)Virat Kohli",
      "ans3": "C)MS Dhoni",
      "ans4": "D)Rahul Dravid",
      "correct": "C)MS Dhoni"
    },
    {
      "question": "In which year did India win its first Cricket World Cup?",
      "ans1": "A)1983",
      "ans2": "B)1996",
      "ans3": "C)2003",
      "ans4": "D)2011",
      "correct": "A)1983"
    },
    {
      "question": "Which Indian bowler is famous for his 'slingy' bowling action?",
      "ans1": "A)Jasprit Bumrah",
      "ans2": "B)Zaheer Khan",
      "ans3": "C)Irfan Pathan",
      "ans4": "D)Ashish Nehra",
      "correct": "A)Jasprit Bumrah"
    },
    {
      "question": "Who was the captain of India during the 1983 World Cup win?",
      "ans1": "A)Sunil Gavaskar",
      "ans2": "B)Kapil Dev",
      "ans3": "C)Mohinder Amarnath",
      "ans4": "D)Ravi Shastri",
      "correct": "B)Kapil Dev"
    },
    {
      "question": "Which Indian cricketer is nicknamed 'The Wall'?",
      "ans1": "A)Sachin Tendulkar",
      "ans2": "B)MS Dhoni",
      "ans3": "C)Rahul Dravid",
      "ans4": "D)Sourav Ganguly",
      "correct": "C)Rahul Dravid"
    },
    {
      "question": "Who holds the record for the fastest double century in ODIs by an Indian?",
      "ans1": "A)Virender Sehwag",
      "ans2": "B)Rohit Sharma",
      "ans3": "C)Shubman Gill",
      "ans4": "D)Yuvraj Singh",
      "correct": "B)Rohit Sharma"
    },
    {
      "question": "Which Indian cricketer is known for the helicopter shot?",
      "ans1": "A)Rohit Sharma",
      "ans2": "B)MS Dhoni",
      "ans3": "C)Virat Kohli",
      "ans4": "D)Hardik Pandya",
      "correct": "B)MS Dhoni"
    },
    {
      "question": "Which Indian spinner is nicknamed 'Turbanator'?",
      "ans1": "A)Anil Kumble",
      "ans2": "B)Ravindra Jadeja",
      "ans3": "C)Harbhajan Singh",
      "ans4": "D)Ravichandran Ashwin",
      "correct": "C)Harbhajan Singh"
    },

    {
      "question": "Which city is home to the M. Chinnaswamy Stadium?",
      "ans1": "A)Mumbai",
      "ans2": "B)Chennai",
      "ans3": "C)Bengaluru",
      "ans4": "D)Kolkata",
      "correct": "C)Bengaluru"
    }
  ]
}
